filename,filepath,composer
lc4904021.mxl,C:\Users\polyx\Documents\UPF\b. 03 Analysis of Symbolic Music and Computational Musicology\Symbolic Group Project\dataset\lc4904021.mxl,Johannes Brahms
lc4919673.mxl,C:\Users\polyx\Documents\UPF\b. 03 Analysis of Symbolic Music and Computational Musicology\Symbolic Group Project\dataset\lc4919673.mxl,Clara Schumann
lc4919879.mxl,C:\Users\polyx\Documents\UPF\b. 03 Analysis of Symbolic Music and Computational Musicology\Symbolic Group Project\dataset\lc4919879.mxl,Franz Schubert
lc4926375.mxl,C:\Users\polyx\Documents\UPF\b. 03 Analysis of Symbolic Music and Computational Musicology\Symbolic Group Project\dataset\lc4926375.mxl,Johannes Brahms
lc4946175.mxl,C:\Users\polyx\Documents\UPF\b. 03 Analysis of Symbolic Music and Computational Musicology\Symbolic Group Project\dataset\lc4946175.mxl,Johannes Brahms
lc4946239.mxl,C:\Users\polyx\Documents\UPF\b. 03 Analysis of Symbolic Music and Computational Musicology\Symbolic Group Project\dataset\lc4946239.mxl,Johannes Brahms
lc4976769.mxl,C:\Users\polyx\Documents\UPF\b. 03 Analysis of Symbolic Music and Computational Musicology\Symbolic Group Project\dataset\lc4976769.mxl,Robert Schumann
lc4976849.mxl,C:\Users\polyx\Documents\UPF\b. 03 Analysis of Symbolic Music and Computational Musicology\Symbolic Group Project\dataset\lc4976849.mxl,Robert Schumann
lc4978368.mxl,C:\Users\polyx\Documents\UPF\b. 03 Analysis of Symbolic Music and Computational Musicology\Symbolic Group Project\dataset\lc4978368.mxl,Robert Schumann
lc4978373.mxl,C:\Users\polyx\Documents\UPF\b. 03 Analysis of Symbolic Music and Computational Musicology\Symbolic Group Project\dataset\lc4978373.mxl,Robert Schumann
lc4978379.mxl,C:\Users\polyx\Documents\UPF\b. 03 Analysis of Symbolic Music and Computational Musicology\Symbolic Group Project\dataset\lc4978379.mxl,Robert Schumann
lc4978382.mxl,C:\Users\polyx\Documents\UPF\b. 03 Analysis of Symbolic Music and Computational Musicology\Symbolic Group Project\dataset\lc4978382.mxl,Robert Schumann
lc4978387.mxl,C:\Users\polyx\Documents\UPF\b. 03 Analysis of Symbolic Music and Computational Musicology\Symbolic Group Project\dataset\lc4978387.mxl,Robert Schumann
lc4978390.mxl,C:\Users\polyx\Documents\UPF\b. 03 Analysis of Symbolic Music and Computational Musicology\Symbolic Group Project\dataset\lc4978390.mxl,Robert Schumann
lc4978393.mxl,C:\Users\polyx\Documents\UPF\b. 03 Analysis of Symbolic Music and Computational Musicology\Symbolic Group Project\dataset\lc4978393.mxl,Robert Schumann
lc4978395.mxl,C:\Users\polyx\Documents\UPF\b. 03 Analysis of Symbolic Music and Computational Musicology\Symbolic Group Project\dataset\lc4978395.mxl,Robert Schumann
lc4978396.mxl,C:\Users\polyx\Documents\UPF\b. 03 Analysis of Symbolic Music and Computational Musicology\Symbolic Group Project\dataset\lc4978396.mxl,Robert Schumann
lc4978397.mxl,C:\Users\polyx\Documents\UPF\b. 03 Analysis of Symbolic Music and Computational Musicology\Symbolic Group Project\dataset\lc4978397.mxl,Robert Schumann
lc4978398.mxl,C:\Users\polyx\Documents\UPF\b. 03 Analysis of Symbolic Music and Computational Musicology\Symbolic Group Project\dataset\lc4978398.mxl,Robert Schumann
lc4978400.mxl,C:\Users\polyx\Documents\UPF\b. 03 Analysis of Symbolic Music and Computational Musicology\Symbolic Group Project\dataset\lc4978400.mxl,Robert Schumann
lc4978468.mxl,C:\Users\polyx\Documents\UPF\b. 03 Analysis of Symbolic Music and Computational Musicology\Symbolic Group Project\dataset\lc4978468.mxl,Robert Schumann
lc4978478.mxl,C:\Users\polyx\Documents\UPF\b. 03 Analysis of Symbolic Music and Computational Musicology\Symbolic Group Project\dataset\lc4978478.mxl,Robert Schumann
lc4978485.mxl,C:\Users\polyx\Documents\UPF\b. 03 Analysis of Symbolic Music and Computational Musicology\Symbolic Group Project\dataset\lc4978485.mxl,Robert Schumann
lc4978488.mxl,C:\Users\polyx\Documents\UPF\b. 03 Analysis of Symbolic Music and Computational Musicology\Symbolic Group Project\dataset\lc4978488.mxl,Robert Schumann
lc4978491.mxl,C:\Users\polyx\Documents\UPF\b. 03 Analysis of Symbolic Music and Computational Musicology\Symbolic Group Project\dataset\lc4978491.mxl,Robert Schumann
lc4978492.mxl,C:\Users\polyx\Documents\UPF\b. 03 Analysis of Symbolic Music and Computational Musicology\Symbolic Group Project\dataset\lc4978492.mxl,Johannes Brahms
lc4978494.mxl,C:\Users\polyx\Documents\UPF\b. 03 Analysis of Symbolic Music and Computational Musicology\Symbolic Group Project\dataset\lc4978494.mxl,Robert Schumann
lc4978496.mxl,C:\Users\polyx\Documents\UPF\b. 03 Analysis of Symbolic Music and Computational Musicology\Symbolic Group Project\dataset\lc4978496.mxl,Robert Schumann
lc4978501.mxl,C:\Users\polyx\Documents\UPF\b. 03 Analysis of Symbolic Music and Computational Musicology\Symbolic Group Project\dataset\lc4978501.mxl,Robert Schumann
lc4978506.mxl,C:\Users\polyx\Documents\UPF\b. 03 Analysis of Symbolic Music and Computational Musicology\Symbolic Group Project\dataset\lc4978506.mxl,Franz Schubert
lc4981984.mxl,C:\Users\polyx\Documents\UPF\b. 03 Analysis of Symbolic Music and Computational Musicology\Symbolic Group Project\dataset\lc4981984.mxl,Franz Schubert
lc4982465.mxl,C:\Users\polyx\Documents\UPF\b. 03 Analysis of Symbolic Music and Computational Musicology\Symbolic Group Project\dataset\lc4982465.mxl,Franz Schubert
lc4982491.mxl,C:\Users\polyx\Documents\UPF\b. 03 Analysis of Symbolic Music and Computational Musicology\Symbolic Group Project\dataset\lc4982491.mxl,Franz Schubert
lc4982505.mxl,C:\Users\polyx\Documents\UPF\b. 03 Analysis of Symbolic Music and Computational Musicology\Symbolic Group Project\dataset\lc4982505.mxl,Franz Schubert
lc4982535.mxl,C:\Users\polyx\Documents\UPF\b. 03 Analysis of Symbolic Music and Computational Musicology\Symbolic Group Project\dataset\lc4982535.mxl,Franz Schubert
lc4985922.mxl,C:\Users\polyx\Documents\UPF\b. 03 Analysis of Symbolic Music and Computational Musicology\Symbolic Group Project\dataset\lc4985922.mxl,Franz Schubert
lc4985924.mxl,C:\Users\polyx\Documents\UPF\b. 03 Analysis of Symbolic Music and Computational Musicology\Symbolic Group Project\dataset\lc4985924.mxl,Franz Schubert
lc4985925.mxl,C:\Users\polyx\Documents\UPF\b. 03 Analysis of Symbolic Music and Computational Musicology\Symbolic Group Project\dataset\lc4985925.mxl,Franz Schubert
lc4985927.mxl,C:\Users\polyx\Documents\UPF\b. 03 Analysis of Symbolic Music and Computational Musicology\Symbolic Group Project\dataset\lc4985927.mxl,Franz Schubert
lc4985930.mxl,C:\Users\polyx\Documents\UPF\b. 03 Analysis of Symbolic Music and Computational Musicology\Symbolic Group Project\dataset\lc4985930.mxl,Franz Schubert
lc4985931.mxl,C:\Users\polyx\Documents\UPF\b. 03 Analysis of Symbolic Music and Computational Musicology\Symbolic Group Project\dataset\lc4985931.mxl,Franz Schubert
lc4985932.mxl,C:\Users\polyx\Documents\UPF\b. 03 Analysis of Symbolic Music and Computational Musicology\Symbolic Group Project\dataset\lc4985932.mxl,Franz Schubert
lc4985934.mxl,C:\Users\polyx\Documents\UPF\b. 03 Analysis of Symbolic Music and Computational Musicology\Symbolic Group Project\dataset\lc4985934.mxl,Franz Schubert
lc4985935.mxl,C:\Users\polyx\Documents\UPF\b. 03 Analysis of Symbolic Music and Computational Musicology\Symbolic Group Project\dataset\lc4985935.mxl,Franz Schubert
lc4985937.mxl,C:\Users\polyx\Documents\UPF\b. 03 Analysis of Symbolic Music and Computational Musicology\Symbolic Group Project\dataset\lc4985937.mxl,Franz Schubert
lc4985938.mxl,C:\Users\polyx\Documents\UPF\b. 03 Analysis of Symbolic Music and Computational Musicology\Symbolic Group Project\dataset\lc4985938.mxl,Franz Schubert
lc4985940.mxl,C:\Users\polyx\Documents\UPF\b. 03 Analysis of Symbolic Music and Computational Musicology\Symbolic Group Project\dataset\lc4985940.mxl,Franz Schubert
lc4985946.mxl,C:\Users\polyx\Documents\UPF\b. 03 Analysis of Symbolic Music and Computational Musicology\Symbolic Group Project\dataset\lc4985946.mxl,Franz Schubert
lc4985949.mxl,C:\Users\polyx\Documents\UPF\b. 03 Analysis of Symbolic Music and Computational Musicology\Symbolic Group Project\dataset\lc4985949.mxl,Franz Schubert
lc4985951.mxl,C:\Users\polyx\Documents\UPF\b. 03 Analysis of Symbolic Music and Computational Musicology\Symbolic Group Project\dataset\lc4985951.mxl,Franz Schubert
lc4985962.mxl,C:\Users\polyx\Documents\UPF\b. 03 Analysis of Symbolic Music and Computational Musicology\Symbolic Group Project\dataset\lc4985962.mxl,Franz Schubert
lc4985964.mxl,C:\Users\polyx\Documents\UPF\b. 03 Analysis of Symbolic Music and Computational Musicology\Symbolic Group Project\dataset\lc4985964.mxl,Franz Schubert
lc4985965.mxl,C:\Users\polyx\Documents\UPF\b. 03 Analysis of Symbolic Music and Computational Musicology\Symbolic Group Project\dataset\lc4985965.mxl,Franz Schubert
lc4985973.mxl,C:\Users\polyx\Documents\UPF\b. 03 Analysis of Symbolic Music and Computational Musicology\Symbolic Group Project\dataset\lc4985973.mxl,Franz Schubert
lc4985984.mxl,C:\Users\polyx\Documents\UPF\b. 03 Analysis of Symbolic Music and Computational Musicology\Symbolic Group Project\dataset\lc4985984.mxl,Franz Schubert
lc4985985.mxl,C:\Users\polyx\Documents\UPF\b. 03 Analysis of Symbolic Music and Computational Musicology\Symbolic Group Project\dataset\lc4985985.mxl,Franz Schubert
lc4985987.mxl,C:\Users\polyx\Documents\UPF\b. 03 Analysis of Symbolic Music and Computational Musicology\Symbolic Group Project\dataset\lc4985987.mxl,Franz Schubert
lc4985990.mxl,C:\Users\polyx\Documents\UPF\b. 03 Analysis of Symbolic Music and Computational Musicology\Symbolic Group Project\dataset\lc4985990.mxl,Franz Schubert
lc4985999.mxl,C:\Users\polyx\Documents\UPF\b. 03 Analysis of Symbolic Music and Computational Musicology\Symbolic Group Project\dataset\lc4985999.mxl,Franz Schubert
lc4986000.mxl,C:\Users\polyx\Documents\UPF\b. 03 Analysis of Symbolic Music and Computational Musicology\Symbolic Group Project\dataset\lc4986000.mxl,Franz Schubert
lc4987618.mxl,C:\Users\polyx\Documents\UPF\b. 03 Analysis of Symbolic Music and Computational Musicology\Symbolic Group Project\dataset\lc4987618.mxl,Robert Schumann
lc4987626.mxl,C:\Users\polyx\Documents\UPF\b. 03 Analysis of Symbolic Music and Computational Musicology\Symbolic Group Project\dataset\lc4987626.mxl,Robert Schumann
lc4987633.mxl,C:\Users\polyx\Documents\UPF\b. 03 Analysis of Symbolic Music and Computational Musicology\Symbolic Group Project\dataset\lc4987633.mxl,Robert Schumann
lc4987640.mxl,C:\Users\polyx\Documents\UPF\b. 03 Analysis of Symbolic Music and Computational Musicology\Symbolic Group Project\dataset\lc4987640.mxl,Robert Schumann
lc4987650.mxl,C:\Users\polyx\Documents\UPF\b. 03 Analysis of Symbolic Music and Computational Musicology\Symbolic Group Project\dataset\lc4987650.mxl,Robert Schumann
lc4987658.mxl,C:\Users\polyx\Documents\UPF\b. 03 Analysis of Symbolic Music and Computational Musicology\Symbolic Group Project\dataset\lc4987658.mxl,Robert Schumann
lc4987661.mxl,C:\Users\polyx\Documents\UPF\b. 03 Analysis of Symbolic Music and Computational Musicology\Symbolic Group Project\dataset\lc4987661.mxl,Robert Schumann
lc4987664.mxl,C:\Users\polyx\Documents\UPF\b. 03 Analysis of Symbolic Music and Computational Musicology\Symbolic Group Project\dataset\lc4987664.mxl,Robert Schumann
lc4987672.mxl,C:\Users\polyx\Documents\UPF\b. 03 Analysis of Symbolic Music and Computational Musicology\Symbolic Group Project\dataset\lc4987672.mxl,Robert Schumann
lc4987677.mxl,C:\Users\polyx\Documents\UPF\b. 03 Analysis of Symbolic Music and Computational Musicology\Symbolic Group Project\dataset\lc4987677.mxl,Robert Schumann
lc4988600.mxl,C:\Users\polyx\Documents\UPF\b. 03 Analysis of Symbolic Music and Computational Musicology\Symbolic Group Project\dataset\lc4988600.mxl,Franz Schubert
lc5000388.mxl,C:\Users\polyx\Documents\UPF\b. 03 Analysis of Symbolic Music and Computational Musicology\Symbolic Group Project\dataset\lc5000388.mxl,Clara Schumann
lc5000397.mxl,C:\Users\polyx\Documents\UPF\b. 03 Analysis of Symbolic Music and Computational Musicology\Symbolic Group Project\dataset\lc5000397.mxl,Clara Schumann
lc5003122.mxl,C:\Users\polyx\Documents\UPF\b. 03 Analysis of Symbolic Music and Computational Musicology\Symbolic Group Project\dataset\lc5003122.mxl,Robert Schumann
lc5003150.mxl,C:\Users\polyx\Documents\UPF\b. 03 Analysis of Symbolic Music and Computational Musicology\Symbolic Group Project\dataset\lc5003150.mxl,Robert Schumann
lc5004701.mxl,C:\Users\polyx\Documents\UPF\b. 03 Analysis of Symbolic Music and Computational Musicology\Symbolic Group Project\dataset\lc5004701.mxl,Johannes Brahms
lc5004731.mxl,C:\Users\polyx\Documents\UPF\b. 03 Analysis of Symbolic Music and Computational Musicology\Symbolic Group Project\dataset\lc5004731.mxl,Franz Schubert
lc5004835.mxl,C:\Users\polyx\Documents\UPF\b. 03 Analysis of Symbolic Music and Computational Musicology\Symbolic Group Project\dataset\lc5004835.mxl,Franz Schubert
lc5007176.mxl,C:\Users\polyx\Documents\UPF\b. 03 Analysis of Symbolic Music and Computational Musicology\Symbolic Group Project\dataset\lc5007176.mxl,Franz Schubert
lc5007178.mxl,C:\Users\polyx\Documents\UPF\b. 03 Analysis of Symbolic Music and Computational Musicology\Symbolic Group Project\dataset\lc5007178.mxl,Franz Schubert
lc5007179.mxl,C:\Users\polyx\Documents\UPF\b. 03 Analysis of Symbolic Music and Computational Musicology\Symbolic Group Project\dataset\lc5007179.mxl,Franz Schubert
lc5007180.mxl,C:\Users\polyx\Documents\UPF\b. 03 Analysis of Symbolic Music and Computational Musicology\Symbolic Group Project\dataset\lc5007180.mxl,Franz Schubert
lc5007181.mxl,C:\Users\polyx\Documents\UPF\b. 03 Analysis of Symbolic Music and Computational Musicology\Symbolic Group Project\dataset\lc5007181.mxl,Franz Schubert
lc5007182.mxl,C:\Users\polyx\Documents\UPF\b. 03 Analysis of Symbolic Music and Computational Musicology\Symbolic Group Project\dataset\lc5007182.mxl,Franz Schubert
lc5009833.mxl,C:\Users\polyx\Documents\UPF\b. 03 Analysis of Symbolic Music and Computational Musicology\Symbolic Group Project\dataset\lc5009833.mxl,Franz Schubert
lc5009900.mxl,C:\Users\polyx\Documents\UPF\b. 03 Analysis of Symbolic Music and Computational Musicology\Symbolic Group Project\dataset\lc5009900.mxl,Franz Schubert
lc5013945.mxl,C:\Users\polyx\Documents\UPF\b. 03 Analysis of Symbolic Music and Computational Musicology\Symbolic Group Project\dataset\lc5013945.mxl,Franz Schubert
lc5013969.mxl,C:\Users\polyx\Documents\UPF\b. 03 Analysis of Symbolic Music and Computational Musicology\Symbolic Group Project\dataset\lc5013969.mxl,Franz Schubert
lc5014002.mxl,C:\Users\polyx\Documents\UPF\b. 03 Analysis of Symbolic Music and Computational Musicology\Symbolic Group Project\dataset\lc5014002.mxl,Franz Schubert
lc5014023.mxl,C:\Users\polyx\Documents\UPF\b. 03 Analysis of Symbolic Music and Computational Musicology\Symbolic Group Project\dataset\lc5014023.mxl,Franz Schubert
lc5015410.mxl,C:\Users\polyx\Documents\UPF\b. 03 Analysis of Symbolic Music and Computational Musicology\Symbolic Group Project\dataset\lc5015410.mxl,Franz Schubert
lc5015435.mxl,C:\Users\polyx\Documents\UPF\b. 03 Analysis of Symbolic Music and Computational Musicology\Symbolic Group Project\dataset\lc5015435.mxl,Franz Schubert
lc5015499.mxl,C:\Users\polyx\Documents\UPF\b. 03 Analysis of Symbolic Music and Computational Musicology\Symbolic Group Project\dataset\lc5015499.mxl,Franz Schubert
lc5015521.mxl,C:\Users\polyx\Documents\UPF\b. 03 Analysis of Symbolic Music and Computational Musicology\Symbolic Group Project\dataset\lc5015521.mxl,Franz Schubert
lc5015573.mxl,C:\Users\polyx\Documents\UPF\b. 03 Analysis of Symbolic Music and Computational Musicology\Symbolic Group Project\dataset\lc5015573.mxl,Franz Schubert
lc5016512.mxl,C:\Users\polyx\Documents\UPF\b. 03 Analysis of Symbolic Music and Computational Musicology\Symbolic Group Project\dataset\lc5016512.mxl,Franz Schubert
lc5023438.mxl,C:\Users\polyx\Documents\UPF\b. 03 Analysis of Symbolic Music and Computational Musicology\Symbolic Group Project\dataset\lc5023438.mxl,Franz Schubert
lc5023517.mxl,C:\Users\polyx\Documents\UPF\b. 03 Analysis of Symbolic Music and Computational Musicology\Symbolic Group Project\dataset\lc5023517.mxl,Franz Schubert
lc5023603.mxl,C:\Users\polyx\Documents\UPF\b. 03 Analysis of Symbolic Music and Computational Musicology\Symbolic Group Project\dataset\lc5023603.mxl,Franz Schubert
lc5023662.mxl,C:\Users\polyx\Documents\UPF\b. 03 Analysis of Symbolic Music and Computational Musicology\Symbolic Group Project\dataset\lc5023662.mxl,Franz Schubert
lc5025982.mxl,C:\Users\polyx\Documents\UPF\b. 03 Analysis of Symbolic Music and Computational Musicology\Symbolic Group Project\dataset\lc5025982.mxl,Franz Schubert
lc5025985.mxl,C:\Users\polyx\Documents\UPF\b. 03 Analysis of Symbolic Music and Computational Musicology\Symbolic Group Project\dataset\lc5025985.mxl,Franz Schubert
lc5026236.mxl,C:\Users\polyx\Documents\UPF\b. 03 Analysis of Symbolic Music and Computational Musicology\Symbolic Group Project\dataset\lc5026236.mxl,Franz Schubert
lc5033057.mxl,C:\Users\polyx\Documents\UPF\b. 03 Analysis of Symbolic Music and Computational Musicology\Symbolic Group Project\dataset\lc5033057.mxl,Johannes Brahms
lc5033075.mxl,C:\Users\polyx\Documents\UPF\b. 03 Analysis of Symbolic Music and Computational Musicology\Symbolic Group Project\dataset\lc5033075.mxl,Johannes Brahms
lc5033089.mxl,C:\Users\polyx\Documents\UPF\b. 03 Analysis of Symbolic Music and Computational Musicology\Symbolic Group Project\dataset\lc5033089.mxl,Johannes Brahms
lc5057822.mxl,C:\Users\polyx\Documents\UPF\b. 03 Analysis of Symbolic Music and Computational Musicology\Symbolic Group Project\dataset\lc5057822.mxl,Johannes Brahms
lc5057985.mxl,C:\Users\polyx\Documents\UPF\b. 03 Analysis of Symbolic Music and Computational Musicology\Symbolic Group Project\dataset\lc5057985.mxl,Johannes Brahms
lc5058091.mxl,C:\Users\polyx\Documents\UPF\b. 03 Analysis of Symbolic Music and Computational Musicology\Symbolic Group Project\dataset\lc5058091.mxl,Johannes Brahms
lc5058194.mxl,C:\Users\polyx\Documents\UPF\b. 03 Analysis of Symbolic Music and Computational Musicology\Symbolic Group Project\dataset\lc5058194.mxl,Johannes Brahms
lc5058636.mxl,C:\Users\polyx\Documents\UPF\b. 03 Analysis of Symbolic Music and Computational Musicology\Symbolic Group Project\dataset\lc5058636.mxl,Johannes Brahms
lc5058657.mxl,C:\Users\polyx\Documents\UPF\b. 03 Analysis of Symbolic Music and Computational Musicology\Symbolic Group Project\dataset\lc5058657.mxl,Johannes Brahms
lc5067672.mxl,C:\Users\polyx\Documents\UPF\b. 03 Analysis of Symbolic Music and Computational Musicology\Symbolic Group Project\dataset\lc5067672.mxl,Johannes Brahms
lc5067677.mxl,C:\Users\polyx\Documents\UPF\b. 03 Analysis of Symbolic Music and Computational Musicology\Symbolic Group Project\dataset\lc5067677.mxl,Johannes Brahms
lc5067692.mxl,C:\Users\polyx\Documents\UPF\b. 03 Analysis of Symbolic Music and Computational Musicology\Symbolic Group Project\dataset\lc5067692.mxl,Johannes Brahms
lc5069022.mxl,C:\Users\polyx\Documents\UPF\b. 03 Analysis of Symbolic Music and Computational Musicology\Symbolic Group Project\dataset\lc5069022.mxl,Johannes Brahms
lc5069028.mxl,C:\Users\polyx\Documents\UPF\b. 03 Analysis of Symbolic Music and Computational Musicology\Symbolic Group Project\dataset\lc5069028.mxl,Johannes Brahms
lc5069033.mxl,C:\Users\polyx\Documents\UPF\b. 03 Analysis of Symbolic Music and Computational Musicology\Symbolic Group Project\dataset\lc5069033.mxl,Johannes Brahms
lc5069048.mxl,C:\Users\polyx\Documents\UPF\b. 03 Analysis of Symbolic Music and Computational Musicology\Symbolic Group Project\dataset\lc5069048.mxl,Johannes Brahms
lc5069058.mxl,C:\Users\polyx\Documents\UPF\b. 03 Analysis of Symbolic Music and Computational Musicology\Symbolic Group Project\dataset\lc5069058.mxl,Johannes Brahms
lc5069066.mxl,C:\Users\polyx\Documents\UPF\b. 03 Analysis of Symbolic Music and Computational Musicology\Symbolic Group Project\dataset\lc5069066.mxl,Johannes Brahms
lc5071622.mxl,C:\Users\polyx\Documents\UPF\b. 03 Analysis of Symbolic Music and Computational Musicology\Symbolic Group Project\dataset\lc5071622.mxl,Johannes Brahms
lc5071629.mxl,C:\Users\polyx\Documents\UPF\b. 03 Analysis of Symbolic Music and Computational Musicology\Symbolic Group Project\dataset\lc5071629.mxl,Johannes Brahms
lc5071636.mxl,C:\Users\polyx\Documents\UPF\b. 03 Analysis of Symbolic Music and Computational Musicology\Symbolic Group Project\dataset\lc5071636.mxl,Johannes Brahms
lc5071644.mxl,C:\Users\polyx\Documents\UPF\b. 03 Analysis of Symbolic Music and Computational Musicology\Symbolic Group Project\dataset\lc5071644.mxl,Johannes Brahms
lc5071654.mxl,C:\Users\polyx\Documents\UPF\b. 03 Analysis of Symbolic Music and Computational Musicology\Symbolic Group Project\dataset\lc5071654.mxl,Johannes Brahms
lc5071668.mxl,C:\Users\polyx\Documents\UPF\b. 03 Analysis of Symbolic Music and Computational Musicology\Symbolic Group Project\dataset\lc5071668.mxl,Johannes Brahms
lc5071678.mxl,C:\Users\polyx\Documents\UPF\b. 03 Analysis of Symbolic Music and Computational Musicology\Symbolic Group Project\dataset\lc5071678.mxl,Johannes Brahms
lc5071686.mxl,C:\Users\polyx\Documents\UPF\b. 03 Analysis of Symbolic Music and Computational Musicology\Symbolic Group Project\dataset\lc5071686.mxl,Johannes Brahms
lc5071689.mxl,C:\Users\polyx\Documents\UPF\b. 03 Analysis of Symbolic Music and Computational Musicology\Symbolic Group Project\dataset\lc5071689.mxl,Johannes Brahms
lc5071694.mxl,C:\Users\polyx\Documents\UPF\b. 03 Analysis of Symbolic Music and Computational Musicology\Symbolic Group Project\dataset\lc5071694.mxl,Johannes Brahms
lc5071703.mxl,C:\Users\polyx\Documents\UPF\b. 03 Analysis of Symbolic Music and Computational Musicology\Symbolic Group Project\dataset\lc5071703.mxl,Johannes Brahms
lc5077744.mxl,C:\Users\polyx\Documents\UPF\b. 03 Analysis of Symbolic Music and Computational Musicology\Symbolic Group Project\dataset\lc5077744.mxl,Franz Schubert
lc5080752.mxl,C:\Users\polyx\Documents\UPF\b. 03 Analysis of Symbolic Music and Computational Musicology\Symbolic Group Project\dataset\lc5080752.mxl,Robert Schumann
lc5084888.mxl,C:\Users\polyx\Documents\UPF\b. 03 Analysis of Symbolic Music and Computational Musicology\Symbolic Group Project\dataset\lc5084888.mxl,Johannes Brahms
lc5084966.mxl,C:\Users\polyx\Documents\UPF\b. 03 Analysis of Symbolic Music and Computational Musicology\Symbolic Group Project\dataset\lc5084966.mxl,Johannes Brahms
lc5087729.mxl,C:\Users\polyx\Documents\UPF\b. 03 Analysis of Symbolic Music and Computational Musicology\Symbolic Group Project\dataset\lc5087729.mxl,Johannes Brahms
lc5093434.mxl,C:\Users\polyx\Documents\UPF\b. 03 Analysis of Symbolic Music and Computational Musicology\Symbolic Group Project\dataset\lc5093434.mxl,Franz Schubert
lc5093748.mxl,C:\Users\polyx\Documents\UPF\b. 03 Analysis of Symbolic Music and Computational Musicology\Symbolic Group Project\dataset\lc5093748.mxl,Franz Schubert
lc5093803.mxl,C:\Users\polyx\Documents\UPF\b. 03 Analysis of Symbolic Music and Computational Musicology\Symbolic Group Project\dataset\lc5093803.mxl,Franz Schubert
lc5098612.mxl,C:\Users\polyx\Documents\UPF\b. 03 Analysis of Symbolic Music and Computational Musicology\Symbolic Group Project\dataset\lc5098612.mxl,Franz Schubert
lc5098625.mxl,C:\Users\polyx\Documents\UPF\b. 03 Analysis of Symbolic Music and Computational Musicology\Symbolic Group Project\dataset\lc5098625.mxl,Johannes Brahms
lc5098632.mxl,C:\Users\polyx\Documents\UPF\b. 03 Analysis of Symbolic Music and Computational Musicology\Symbolic Group Project\dataset\lc5098632.mxl,Johannes Brahms
lc5098641.mxl,C:\Users\polyx\Documents\UPF\b. 03 Analysis of Symbolic Music and Computational Musicology\Symbolic Group Project\dataset\lc5098641.mxl,Johannes Brahms
lc5098645.mxl,C:\Users\polyx\Documents\UPF\b. 03 Analysis of Symbolic Music and Computational Musicology\Symbolic Group Project\dataset\lc5098645.mxl,Johannes Brahms
lc5098657.mxl,C:\Users\polyx\Documents\UPF\b. 03 Analysis of Symbolic Music and Computational Musicology\Symbolic Group Project\dataset\lc5098657.mxl,Johannes Brahms
lc5098659.mxl,C:\Users\polyx\Documents\UPF\b. 03 Analysis of Symbolic Music and Computational Musicology\Symbolic Group Project\dataset\lc5098659.mxl,Johannes Brahms
lc5098666.mxl,C:\Users\polyx\Documents\UPF\b. 03 Analysis of Symbolic Music and Computational Musicology\Symbolic Group Project\dataset\lc5098666.mxl,Johannes Brahms
lc5098672.mxl,C:\Users\polyx\Documents\UPF\b. 03 Analysis of Symbolic Music and Computational Musicology\Symbolic Group Project\dataset\lc5098672.mxl,Johannes Brahms
lc5098678.mxl,C:\Users\polyx\Documents\UPF\b. 03 Analysis of Symbolic Music and Computational Musicology\Symbolic Group Project\dataset\lc5098678.mxl,Johannes Brahms
lc5098685.mxl,C:\Users\polyx\Documents\UPF\b. 03 Analysis of Symbolic Music and Computational Musicology\Symbolic Group Project\dataset\lc5098685.mxl,Johannes Brahms
lc5098690.mxl,C:\Users\polyx\Documents\UPF\b. 03 Analysis of Symbolic Music and Computational Musicology\Symbolic Group Project\dataset\lc5098690.mxl,Johannes Brahms
lc5098700.mxl,C:\Users\polyx\Documents\UPF\b. 03 Analysis of Symbolic Music and Computational Musicology\Symbolic Group Project\dataset\lc5098700.mxl,Johannes Brahms
lc5098705.mxl,C:\Users\polyx\Documents\UPF\b. 03 Analysis of Symbolic Music and Computational Musicology\Symbolic Group Project\dataset\lc5098705.mxl,Johannes Brahms
lc5098709.mxl,C:\Users\polyx\Documents\UPF\b. 03 Analysis of Symbolic Music and Computational Musicology\Symbolic Group Project\dataset\lc5098709.mxl,Johannes Brahms
lc5098713.mxl,C:\Users\polyx\Documents\UPF\b. 03 Analysis of Symbolic Music and Computational Musicology\Symbolic Group Project\dataset\lc5098713.mxl,Johannes Brahms
lc5098715.mxl,C:\Users\polyx\Documents\UPF\b. 03 Analysis of Symbolic Music and Computational Musicology\Symbolic Group Project\dataset\lc5098715.mxl,Johannes Brahms
lc5098719.mxl,C:\Users\polyx\Documents\UPF\b. 03 Analysis of Symbolic Music and Computational Musicology\Symbolic Group Project\dataset\lc5098719.mxl,Johannes Brahms
lc5098725.mxl,C:\Users\polyx\Documents\UPF\b. 03 Analysis of Symbolic Music and Computational Musicology\Symbolic Group Project\dataset\lc5098725.mxl,Johannes Brahms
lc5098728.mxl,C:\Users\polyx\Documents\UPF\b. 03 Analysis of Symbolic Music and Computational Musicology\Symbolic Group Project\dataset\lc5098728.mxl,Johannes Brahms
lc5098732.mxl,C:\Users\polyx\Documents\UPF\b. 03 Analysis of Symbolic Music and Computational Musicology\Symbolic Group Project\dataset\lc5098732.mxl,Johannes Brahms
lc5103323.mxl,C:\Users\polyx\Documents\UPF\b. 03 Analysis of Symbolic Music and Computational Musicology\Symbolic Group Project\dataset\lc5103323.mxl,Franz Schubert
lc5106861.mxl,C:\Users\polyx\Documents\UPF\b. 03 Analysis of Symbolic Music and Computational Musicology\Symbolic Group Project\dataset\lc5106861.mxl,Johannes Brahms
lc5107106.mxl,C:\Users\polyx\Documents\UPF\b. 03 Analysis of Symbolic Music and Computational Musicology\Symbolic Group Project\dataset\lc5107106.mxl,Johannes Brahms
lc5123355.mxl,C:\Users\polyx\Documents\UPF\b. 03 Analysis of Symbolic Music and Computational Musicology\Symbolic Group Project\dataset\lc5123355.mxl,Johannes Brahms
lc5125680.mxl,C:\Users\polyx\Documents\UPF\b. 03 Analysis of Symbolic Music and Computational Musicology\Symbolic Group Project\dataset\lc5125680.mxl,Clara Schumann
lc5126774.mxl,C:\Users\polyx\Documents\UPF\b. 03 Analysis of Symbolic Music and Computational Musicology\Symbolic Group Project\dataset\lc5126774.mxl,Clara Schumann
lc5126921.mxl,C:\Users\polyx\Documents\UPF\b. 03 Analysis of Symbolic Music and Computational Musicology\Symbolic Group Project\dataset\lc5126921.mxl,Clara Schumann
lc5130351.mxl,C:\Users\polyx\Documents\UPF\b. 03 Analysis of Symbolic Music and Computational Musicology\Symbolic Group Project\dataset\lc5130351.mxl,Clara Schumann
lc5130634.mxl,C:\Users\polyx\Documents\UPF\b. 03 Analysis of Symbolic Music and Computational Musicology\Symbolic Group Project\dataset\lc5130634.mxl,Clara Schumann
lc5133353.mxl,C:\Users\polyx\Documents\UPF\b. 03 Analysis of Symbolic Music and Computational Musicology\Symbolic Group Project\dataset\lc5133353.mxl,Franz Schubert
lc5133602.mxl,C:\Users\polyx\Documents\UPF\b. 03 Analysis of Symbolic Music and Computational Musicology\Symbolic Group Project\dataset\lc5133602.mxl,Clara Schumann
lc5133647.mxl,C:\Users\polyx\Documents\UPF\b. 03 Analysis of Symbolic Music and Computational Musicology\Symbolic Group Project\dataset\lc5133647.mxl,Clara Schumann
lc5133773.mxl,C:\Users\polyx\Documents\UPF\b. 03 Analysis of Symbolic Music and Computational Musicology\Symbolic Group Project\dataset\lc5133773.mxl,Clara Schumann
lc5134987.mxl,C:\Users\polyx\Documents\UPF\b. 03 Analysis of Symbolic Music and Computational Musicology\Symbolic Group Project\dataset\lc5134987.mxl,Clara Schumann
lc5142672.mxl,C:\Users\polyx\Documents\UPF\b. 03 Analysis of Symbolic Music and Computational Musicology\Symbolic Group Project\dataset\lc5142672.mxl,Clara Schumann
lc5142714.mxl,C:\Users\polyx\Documents\UPF\b. 03 Analysis of Symbolic Music and Computational Musicology\Symbolic Group Project\dataset\lc5142714.mxl,Clara Schumann
lc5142768.mxl,C:\Users\polyx\Documents\UPF\b. 03 Analysis of Symbolic Music and Computational Musicology\Symbolic Group Project\dataset\lc5142768.mxl,Clara Schumann
lc5153813.mxl,C:\Users\polyx\Documents\UPF\b. 03 Analysis of Symbolic Music and Computational Musicology\Symbolic Group Project\dataset\lc5153813.mxl,Johannes Brahms
lc5153947.mxl,C:\Users\polyx\Documents\UPF\b. 03 Analysis of Symbolic Music and Computational Musicology\Symbolic Group Project\dataset\lc5153947.mxl,Johannes Brahms
lc5155459.mxl,C:\Users\polyx\Documents\UPF\b. 03 Analysis of Symbolic Music and Computational Musicology\Symbolic Group Project\dataset\lc5155459.mxl,Johannes Brahms
lc5187781.mxl,C:\Users\polyx\Documents\UPF\b. 03 Analysis of Symbolic Music and Computational Musicology\Symbolic Group Project\dataset\lc5187781.mxl,Clara Schumann
lc5197231.mxl,C:\Users\polyx\Documents\UPF\b. 03 Analysis of Symbolic Music and Computational Musicology\Symbolic Group Project\dataset\lc5197231.mxl,Clara Schumann
lc5636215.mxl,C:\Users\polyx\Documents\UPF\b. 03 Analysis of Symbolic Music and Computational Musicology\Symbolic Group Project\dataset\lc5636215.mxl,Johannes Brahms
lc5639135.mxl,C:\Users\polyx\Documents\UPF\b. 03 Analysis of Symbolic Music and Computational Musicology\Symbolic Group Project\dataset\lc5639135.mxl,Johannes Brahms
lc5649214.mxl,C:\Users\polyx\Documents\UPF\b. 03 Analysis of Symbolic Music and Computational Musicology\Symbolic Group Project\dataset\lc5649214.mxl,Johannes Brahms
lc5652206.mxl,C:\Users\polyx\Documents\UPF\b. 03 Analysis of Symbolic Music and Computational Musicology\Symbolic Group Project\dataset\lc5652206.mxl,Johannes Brahms
lc5652250.mxl,C:\Users\polyx\Documents\UPF\b. 03 Analysis of Symbolic Music and Computational Musicology\Symbolic Group Project\dataset\lc5652250.mxl,Johannes Brahms
lc5653497.mxl,C:\Users\polyx\Documents\UPF\b. 03 Analysis of Symbolic Music and Computational Musicology\Symbolic Group Project\dataset\lc5653497.mxl,Johannes Brahms
lc5654342.mxl,C:\Users\polyx\Documents\UPF\b. 03 Analysis of Symbolic Music and Computational Musicology\Symbolic Group Project\dataset\lc5654342.mxl,Johannes Brahms
lc5654485.mxl,C:\Users\polyx\Documents\UPF\b. 03 Analysis of Symbolic Music and Computational Musicology\Symbolic Group Project\dataset\lc5654485.mxl,Johannes Brahms
lc5656522.mxl,C:\Users\polyx\Documents\UPF\b. 03 Analysis of Symbolic Music and Computational Musicology\Symbolic Group Project\dataset\lc5656522.mxl,Johannes Brahms
lc5659823.mxl,C:\Users\polyx\Documents\UPF\b. 03 Analysis of Symbolic Music and Computational Musicology\Symbolic Group Project\dataset\lc5659823.mxl,Johannes Brahms
lc5667745.mxl,C:\Users\polyx\Documents\UPF\b. 03 Analysis of Symbolic Music and Computational Musicology\Symbolic Group Project\dataset\lc5667745.mxl,Johannes Brahms
lc5667843.mxl,C:\Users\polyx\Documents\UPF\b. 03 Analysis of Symbolic Music and Computational Musicology\Symbolic Group Project\dataset\lc5667843.mxl,Johannes Brahms
lc5667849.mxl,C:\Users\polyx\Documents\UPF\b. 03 Analysis of Symbolic Music and Computational Musicology\Symbolic Group Project\dataset\lc5667849.mxl,Johannes Brahms
lc5667944.mxl,C:\Users\polyx\Documents\UPF\b. 03 Analysis of Symbolic Music and Computational Musicology\Symbolic Group Project\dataset\lc5667944.mxl,Johannes Brahms
lc5695716.mxl,C:\Users\polyx\Documents\UPF\b. 03 Analysis of Symbolic Music and Computational Musicology\Symbolic Group Project\dataset\lc5695716.mxl,Johannes Brahms
lc5695728.mxl,C:\Users\polyx\Documents\UPF\b. 03 Analysis of Symbolic Music and Computational Musicology\Symbolic Group Project\dataset\lc5695728.mxl,Johannes Brahms
lc5695734.mxl,C:\Users\polyx\Documents\UPF\b. 03 Analysis of Symbolic Music and Computational Musicology\Symbolic Group Project\dataset\lc5695734.mxl,Johannes Brahms
lc5700433.mxl,C:\Users\polyx\Documents\UPF\b. 03 Analysis of Symbolic Music and Computational Musicology\Symbolic Group Project\dataset\lc5700433.mxl,Johannes Brahms
lc5701612.mxl,C:\Users\polyx\Documents\UPF\b. 03 Analysis of Symbolic Music and Computational Musicology\Symbolic Group Project\dataset\lc5701612.mxl,Johannes Brahms
lc5705406.mxl,C:\Users\polyx\Documents\UPF\b. 03 Analysis of Symbolic Music and Computational Musicology\Symbolic Group Project\dataset\lc5705406.mxl,Johannes Brahms
lc5705502.mxl,C:\Users\polyx\Documents\UPF\b. 03 Analysis of Symbolic Music and Computational Musicology\Symbolic Group Project\dataset\lc5705502.mxl,Johannes Brahms
lc5705564.mxl,C:\Users\polyx\Documents\UPF\b. 03 Analysis of Symbolic Music and Computational Musicology\Symbolic Group Project\dataset\lc5705564.mxl,Johannes Brahms
lc5725144.mxl,C:\Users\polyx\Documents\UPF\b. 03 Analysis of Symbolic Music and Computational Musicology\Symbolic Group Project\dataset\lc5725144.mxl,Johannes Brahms
lc5726490.mxl,C:\Users\polyx\Documents\UPF\b. 03 Analysis of Symbolic Music and Computational Musicology\Symbolic Group Project\dataset\lc5726490.mxl,Johannes Brahms
lc5729178.mxl,C:\Users\polyx\Documents\UPF\b. 03 Analysis of Symbolic Music and Computational Musicology\Symbolic Group Project\dataset\lc5729178.mxl,Johannes Brahms
lc5729860.mxl,C:\Users\polyx\Documents\UPF\b. 03 Analysis of Symbolic Music and Computational Musicology\Symbolic Group Project\dataset\lc5729860.mxl,Johannes Brahms
lc5846100.mxl,C:\Users\polyx\Documents\UPF\b. 03 Analysis of Symbolic Music and Computational Musicology\Symbolic Group Project\dataset\lc5846100.mxl,Johannes Brahms
lc5846139.mxl,C:\Users\polyx\Documents\UPF\b. 03 Analysis of Symbolic Music and Computational Musicology\Symbolic Group Project\dataset\lc5846139.mxl,Johannes Brahms
lc5846184.mxl,C:\Users\polyx\Documents\UPF\b. 03 Analysis of Symbolic Music and Computational Musicology\Symbolic Group Project\dataset\lc5846184.mxl,Johannes Brahms
lc5925389.mxl,C:\Users\polyx\Documents\UPF\b. 03 Analysis of Symbolic Music and Computational Musicology\Symbolic Group Project\dataset\lc5925389.mxl,Johannes Brahms
lc5934726.mxl,C:\Users\polyx\Documents\UPF\b. 03 Analysis of Symbolic Music and Computational Musicology\Symbolic Group Project\dataset\lc5934726.mxl,Johannes Brahms
lc5936324.mxl,C:\Users\polyx\Documents\UPF\b. 03 Analysis of Symbolic Music and Computational Musicology\Symbolic Group Project\dataset\lc5936324.mxl,Johannes Brahms
lc5937814.mxl,C:\Users\polyx\Documents\UPF\b. 03 Analysis of Symbolic Music and Computational Musicology\Symbolic Group Project\dataset\lc5937814.mxl,Johannes Brahms
lc5940230.mxl,C:\Users\polyx\Documents\UPF\b. 03 Analysis of Symbolic Music and Computational Musicology\Symbolic Group Project\dataset\lc5940230.mxl,Johannes Brahms
lc5946872.mxl,C:\Users\polyx\Documents\UPF\b. 03 Analysis of Symbolic Music and Computational Musicology\Symbolic Group Project\dataset\lc5946872.mxl,Franz Schubert
lc6180725.mxl,C:\Users\polyx\Documents\UPF\b. 03 Analysis of Symbolic Music and Computational Musicology\Symbolic Group Project\dataset\lc6180725.mxl,Franz Schubert
lc6181050.mxl,C:\Users\polyx\Documents\UPF\b. 03 Analysis of Symbolic Music and Computational Musicology\Symbolic Group Project\dataset\lc6181050.mxl,Franz Schubert
lc6181076.mxl,C:\Users\polyx\Documents\UPF\b. 03 Analysis of Symbolic Music and Computational Musicology\Symbolic Group Project\dataset\lc6181076.mxl,Franz Schubert
lc6181353.mxl,C:\Users\polyx\Documents\UPF\b. 03 Analysis of Symbolic Music and Computational Musicology\Symbolic Group Project\dataset\lc6181353.mxl,Franz Schubert
lc6182149.mxl,C:\Users\polyx\Documents\UPF\b. 03 Analysis of Symbolic Music and Computational Musicology\Symbolic Group Project\dataset\lc6182149.mxl,Franz Schubert
lc6182173.mxl,C:\Users\polyx\Documents\UPF\b. 03 Analysis of Symbolic Music and Computational Musicology\Symbolic Group Project\dataset\lc6182173.mxl,Franz Schubert
lc6302395.mxl,C:\Users\polyx\Documents\UPF\b. 03 Analysis of Symbolic Music and Computational Musicology\Symbolic Group Project\dataset\lc6302395.mxl,Johannes Brahms (1833-1897)
lc6320420.mxl,C:\Users\polyx\Documents\UPF\b. 03 Analysis of Symbolic Music and Computational Musicology\Symbolic Group Project\dataset\lc6320420.mxl,Johannes Brahms (1833-1897)
lc6389071.mxl,C:\Users\polyx\Documents\UPF\b. 03 Analysis of Symbolic Music and Computational Musicology\Symbolic Group Project\dataset\lc6389071.mxl,Franz Schubert
lc6389103.mxl,C:\Users\polyx\Documents\UPF\b. 03 Analysis of Symbolic Music and Computational Musicology\Symbolic Group Project\dataset\lc6389103.mxl,Franz Schubert
lc6485233.mxl,C:\Users\polyx\Documents\UPF\b. 03 Analysis of Symbolic Music and Computational Musicology\Symbolic Group Project\dataset\lc6485233.mxl,Franz Schubert
lc6486395.mxl,C:\Users\polyx\Documents\UPF\b. 03 Analysis of Symbolic Music and Computational Musicology\Symbolic Group Project\dataset\lc6486395.mxl,Franz Schubert
lc6486443.mxl,C:\Users\polyx\Documents\UPF\b. 03 Analysis of Symbolic Music and Computational Musicology\Symbolic Group Project\dataset\lc6486443.mxl,Franz Schubert
lc6487832.mxl,C:\Users\polyx\Documents\UPF\b. 03 Analysis of Symbolic Music and Computational Musicology\Symbolic Group Project\dataset\lc6487832.mxl,Franz Schubert
lc6686592.mxl,C:\Users\polyx\Documents\UPF\b. 03 Analysis of Symbolic Music and Computational Musicology\Symbolic Group Project\dataset\lc6686592.mxl,Johannes Brahms
lc6686901.mxl,C:\Users\polyx\Documents\UPF\b. 03 Analysis of Symbolic Music and Computational Musicology\Symbolic Group Project\dataset\lc6686901.mxl,Johannes Brahms
lc6686980.mxl,C:\Users\polyx\Documents\UPF\b. 03 Analysis of Symbolic Music and Computational Musicology\Symbolic Group Project\dataset\lc6686980.mxl,Johannes Brahms
lc6687153.mxl,C:\Users\polyx\Documents\UPF\b. 03 Analysis of Symbolic Music and Computational Musicology\Symbolic Group Project\dataset\lc6687153.mxl,Johannes Brahms
lc6826352.mxl,C:\Users\polyx\Documents\UPF\b. 03 Analysis of Symbolic Music and Computational Musicology\Symbolic Group Project\dataset\lc6826352.mxl,Robert Schumann
lc6826597.mxl,C:\Users\polyx\Documents\UPF\b. 03 Analysis of Symbolic Music and Computational Musicology\Symbolic Group Project\dataset\lc6826597.mxl,Robert Schumann
lc6827712.mxl,C:\Users\polyx\Documents\UPF\b. 03 Analysis of Symbolic Music and Computational Musicology\Symbolic Group Project\dataset\lc6827712.mxl,Robert Schumann
lc6828018.mxl,C:\Users\polyx\Documents\UPF\b. 03 Analysis of Symbolic Music and Computational Musicology\Symbolic Group Project\dataset\lc6828018.mxl,Robert Schumann
lc6834411.mxl,C:\Users\polyx\Documents\UPF\b. 03 Analysis of Symbolic Music and Computational Musicology\Symbolic Group Project\dataset\lc6834411.mxl,Franz Schubert
lc6834474.mxl,C:\Users\polyx\Documents\UPF\b. 03 Analysis of Symbolic Music and Computational Musicology\Symbolic Group Project\dataset\lc6834474.mxl,Franz Schubert
lc6834542.mxl,C:\Users\polyx\Documents\UPF\b. 03 Analysis of Symbolic Music and Computational Musicology\Symbolic Group Project\dataset\lc6834542.mxl,Robert Schumann
lc6834588.mxl,C:\Users\polyx\Documents\UPF\b. 03 Analysis of Symbolic Music and Computational Musicology\Symbolic Group Project\dataset\lc6834588.mxl,Robert Schumann
lc6834630.mxl,C:\Users\polyx\Documents\UPF\b. 03 Analysis of Symbolic Music and Computational Musicology\Symbolic Group Project\dataset\lc6834630.mxl,Robert Schumann
lc6838113.mxl,C:\Users\polyx\Documents\UPF\b. 03 Analysis of Symbolic Music and Computational Musicology\Symbolic Group Project\dataset\lc6838113.mxl,Franz Schubert
lc6885211.mxl,C:\Users\polyx\Documents\UPF\b. 03 Analysis of Symbolic Music and Computational Musicology\Symbolic Group Project\dataset\lc6885211.mxl,Robert Schumann
lc6885263.mxl,C:\Users\polyx\Documents\UPF\b. 03 Analysis of Symbolic Music and Computational Musicology\Symbolic Group Project\dataset\lc6885263.mxl,Robert Schumann
lc6891758.mxl,C:\Users\polyx\Documents\UPF\b. 03 Analysis of Symbolic Music and Computational Musicology\Symbolic Group Project\dataset\lc6891758.mxl,Robert Schumann
lc6900961.mxl,C:\Users\polyx\Documents\UPF\b. 03 Analysis of Symbolic Music and Computational Musicology\Symbolic Group Project\dataset\lc6900961.mxl,Franz Schubert
lc6909438.mxl,C:\Users\polyx\Documents\UPF\b. 03 Analysis of Symbolic Music and Computational Musicology\Symbolic Group Project\dataset\lc6909438.mxl,Robert Schumann
lc6909543.mxl,C:\Users\polyx\Documents\UPF\b. 03 Analysis of Symbolic Music and Computational Musicology\Symbolic Group Project\dataset\lc6909543.mxl,Robert Schumann
lc6909785.mxl,C:\Users\polyx\Documents\UPF\b. 03 Analysis of Symbolic Music and Computational Musicology\Symbolic Group Project\dataset\lc6909785.mxl,Robert Schumann
lc6909797.mxl,C:\Users\polyx\Documents\UPF\b. 03 Analysis of Symbolic Music and Computational Musicology\Symbolic Group Project\dataset\lc6909797.mxl,Robert Schumann
lc6910703.mxl,C:\Users\polyx\Documents\UPF\b. 03 Analysis of Symbolic Music and Computational Musicology\Symbolic Group Project\dataset\lc6910703.mxl,Robert Schumann
lc6914397.mxl,C:\Users\polyx\Documents\UPF\b. 03 Analysis of Symbolic Music and Computational Musicology\Symbolic Group Project\dataset\lc6914397.mxl,Robert Schumann
lc6915474.mxl,C:\Users\polyx\Documents\UPF\b. 03 Analysis of Symbolic Music and Computational Musicology\Symbolic Group Project\dataset\lc6915474.mxl,Robert Schumann
lc6915685.mxl,C:\Users\polyx\Documents\UPF\b. 03 Analysis of Symbolic Music and Computational Musicology\Symbolic Group Project\dataset\lc6915685.mxl,Robert Schumann
lc6915729.mxl,C:\Users\polyx\Documents\UPF\b. 03 Analysis of Symbolic Music and Computational Musicology\Symbolic Group Project\dataset\lc6915729.mxl,Robert Schumann
lc6915753.mxl,C:\Users\polyx\Documents\UPF\b. 03 Analysis of Symbolic Music and Computational Musicology\Symbolic Group Project\dataset\lc6915753.mxl,Robert Schumann
lc6916642.mxl,C:\Users\polyx\Documents\UPF\b. 03 Analysis of Symbolic Music and Computational Musicology\Symbolic Group Project\dataset\lc6916642.mxl,Robert Schumann
lc6917116.mxl,C:\Users\polyx\Documents\UPF\b. 03 Analysis of Symbolic Music and Computational Musicology\Symbolic Group Project\dataset\lc6917116.mxl,Robert Schumann
lc6925763.mxl,C:\Users\polyx\Documents\UPF\b. 03 Analysis of Symbolic Music and Computational Musicology\Symbolic Group Project\dataset\lc6925763.mxl,Robert Schumann
lc6965894.mxl,C:\Users\polyx\Documents\UPF\b. 03 Analysis of Symbolic Music and Computational Musicology\Symbolic Group Project\dataset\lc6965894.mxl,Robert Schumann
lc6969398.mxl,C:\Users\polyx\Documents\UPF\b. 03 Analysis of Symbolic Music and Computational Musicology\Symbolic Group Project\dataset\lc6969398.mxl,Robert Schumann
lc6974646.mxl,C:\Users\polyx\Documents\UPF\b. 03 Analysis of Symbolic Music and Computational Musicology\Symbolic Group Project\dataset\lc6974646.mxl,Robert Schumann
lc6979621.mxl,C:\Users\polyx\Documents\UPF\b. 03 Analysis of Symbolic Music and Computational Musicology\Symbolic Group Project\dataset\lc6979621.mxl,Robert Schumann
lc6980134.mxl,C:\Users\polyx\Documents\UPF\b. 03 Analysis of Symbolic Music and Computational Musicology\Symbolic Group Project\dataset\lc6980134.mxl,Robert Schumann
lc6980464.mxl,C:\Users\polyx\Documents\UPF\b. 03 Analysis of Symbolic Music and Computational Musicology\Symbolic Group Project\dataset\lc6980464.mxl,Robert Schumann
lc6981173.mxl,C:\Users\polyx\Documents\UPF\b. 03 Analysis of Symbolic Music and Computational Musicology\Symbolic Group Project\dataset\lc6981173.mxl,Robert Schumann
lc6982729.mxl,C:\Users\polyx\Documents\UPF\b. 03 Analysis of Symbolic Music and Computational Musicology\Symbolic Group Project\dataset\lc6982729.mxl,Robert Schumann
lc6982743.mxl,C:\Users\polyx\Documents\UPF\b. 03 Analysis of Symbolic Music and Computational Musicology\Symbolic Group Project\dataset\lc6982743.mxl,Robert Schumann
lc6984262.mxl,C:\Users\polyx\Documents\UPF\b. 03 Analysis of Symbolic Music and Computational Musicology\Symbolic Group Project\dataset\lc6984262.mxl,Robert Schumann
lc6984553.mxl,C:\Users\polyx\Documents\UPF\b. 03 Analysis of Symbolic Music and Computational Musicology\Symbolic Group Project\dataset\lc6984553.mxl,Robert Schumann
lc6984631.mxl,C:\Users\polyx\Documents\UPF\b. 03 Analysis of Symbolic Music and Computational Musicology\Symbolic Group Project\dataset\lc6984631.mxl,Robert Schumann
lc6985082.mxl,C:\Users\polyx\Documents\UPF\b. 03 Analysis of Symbolic Music and Computational Musicology\Symbolic Group Project\dataset\lc6985082.mxl,Robert Schumann
lc7071193.mxl,C:\Users\polyx\Documents\UPF\b. 03 Analysis of Symbolic Music and Computational Musicology\Symbolic Group Project\dataset\lc7071193.mxl,Franz Schubert
lc7111114.mxl,C:\Users\polyx\Documents\UPF\b. 03 Analysis of Symbolic Music and Computational Musicology\Symbolic Group Project\dataset\lc7111114.mxl,Franz Schubert
lc8702982.mxl,C:\Users\polyx\Documents\UPF\b. 03 Analysis of Symbolic Music and Computational Musicology\Symbolic Group Project\dataset\lc8702982.mxl,Johannes Brahms
lc8708253.mxl,C:\Users\polyx\Documents\UPF\b. 03 Analysis of Symbolic Music and Computational Musicology\Symbolic Group Project\dataset\lc8708253.mxl,Johannes Brahms
lc8708688.mxl,C:\Users\polyx\Documents\UPF\b. 03 Analysis of Symbolic Music and Computational Musicology\Symbolic Group Project\dataset\lc8708688.mxl,Johannes Brahms
lc8712405.mxl,C:\Users\polyx\Documents\UPF\b. 03 Analysis of Symbolic Music and Computational Musicology\Symbolic Group Project\dataset\lc8712405.mxl,Johannes Brahms
lc8712648.mxl,C:\Users\polyx\Documents\UPF\b. 03 Analysis of Symbolic Music and Computational Musicology\Symbolic Group Project\dataset\lc8712648.mxl,Johannes Brahms
lc8718660.mxl,C:\Users\polyx\Documents\UPF\b. 03 Analysis of Symbolic Music and Computational Musicology\Symbolic Group Project\dataset\lc8718660.mxl,Johannes Brahms
