ErrorFiles,Errors
C:\Users\wuyuh\AppData\Local\Temp\tmp98xhd3vo\lc4919673.mxl,In C:\Users\wuyuh\AppData\Local\Temp\tmp98xhd3vo\lc4919673.mxl while computing musif.extract.features.core.handler
ErrorFiles,Errors
C:\Users\wuyuh\AppData\Local\Temp\tmpy0k14ng3\lc4919879.mxl,In C:\Users\wuyuh\AppData\Local\Temp\tmpy0k14ng3\lc4919879.mxl while computing musif.extract.features.core.handler
ErrorFiles,Errors
C:\Users\wuyuh\AppData\Local\Temp\tmpb_3eemvn\lc4926375.mxl,In C:\Users\wuyuh\AppData\Local\Temp\tmpb_3eemvn\lc4926375.mxl while computing musif.extract.features.core.handler
ErrorFiles,Errors
C:\Users\wuyuh\AppData\Local\Temp\tmpfz6xsm0e\lc4946175.mxl,In C:\Users\wuyuh\AppData\Local\Temp\tmpfz6xsm0e\lc4946175.mxl while computing musif.extract.features.core.handler
ErrorFiles,Errors
C:\Users\wuyuh\AppData\Local\Temp\tmpuf4y69mc\lc4946239.mxl,In C:\Users\wuyuh\AppData\Local\Temp\tmpuf4y69mc\lc4946239.mxl while computing musif.extract.features.core.handler
ErrorFiles,Errors
C:\Users\wuyuh\AppData\Local\Temp\tmpn1xaaozs\lc4976769.mxl,In C:\Users\wuyuh\AppData\Local\Temp\tmpn1xaaozs\lc4976769.mxl while computing musif.extract.features.core.handler
ErrorFiles,Errors
C:\Users\wuyuh\AppData\Local\Temp\tmpj612zw_g\lc4976849.mxl,In C:\Users\wuyuh\AppData\Local\Temp\tmpj612zw_g\lc4976849.mxl while computing musif.extract.features.core.handler
ErrorFiles,Errors
C:\Users\wuyuh\AppData\Local\Temp\tmpbhcsm_rk\lc4978368.mxl,In C:\Users\wuyuh\AppData\Local\Temp\tmpbhcsm_rk\lc4978368.mxl while computing musif.extract.features.core.handler
